controlId,family,practice,implementedBy,status,evidencePath,notes
3.1.1,AC,Limit system access to authorized users; processes acting on behalf of authorized users; and devices (including other systems),app-control,implemented,src/lib/ai/executors/_ctx.ts,Per-tool RBAC via assertPermission(); all tool invocations gated against OrgMember role bits before execution
3.1.2,AC,Limit system access to the types of transactions and functions that authorized users are permitted to execute,app-control,implemented,src/lib/ai/executors/_ctx.ts,42 executors each declare required permission bit; cosmos_app DB role revoked UPDATE/DELETE on audit tables; least-privilege DB role documented in migration 20260606050000
3.1.3,AC,Control the flow of CUI in accordance with approved authorizations,chokepoint,implemented,src/lib/ai/egress/gate.ts,"Single fail-closed egress path in src/lib/ai/egress/; MAC ceiling (FOUO+) withheld regardless of tenant class; EgressDecision logged per turn; arch test enforces single-path. CUI-by-reference (opaque-handle resolver, src/lib/ai/egress/handles.ts): when a CUI field is WITHHELD from the CUI-blind model, an unguessable conversation-scoped token (h:<base64url(18 random bytes)>, 144 bits) is minted for the value (sealed at rest in egress_handles via the vault, never plaintext) and the TOKEN — not the value — is surfaced to the model, so the agent can MOVE/FILE/ROUTE CUI it never reads. Tokens RESOLVE to the real value IN-BOUNDARY (before the executor runs) only within the conversation they were minted in (resolveHandle verifies conversationId — a token from conversation A does NOT resolve in B; the cross-conversation/cross-tenant boundary); the executor result is re-gated by the same chokepoint (no echo-back to the model). WRITE-PATH TAINT (v2.13.0, src/lib/ai/agent-loop.ts): each handle is bound at mint to the effective ceiling of the data it stands for, and that mint-ceiling is enforced on BOTH flow directions — (a) the read-back gate folds it (max-by-rank) into the resolving turn's result ceiling, and (b) the persist path REJECTS fail-closed BEFORE executeTool any tool call that resolves a handle minted at ceiling X into a target context (destination project's, or org's, effective ceiling) classified BELOW X. The CUI is never written into the lower-classification container, never reaches the model (the rejection names only the classification LEVELS, never the value), and the prevented down-classification write is logged as decidedBy handle_taint_block (counts + content-hash of the ORIGINAL handle args, never the resolved CUI). This closes the residual where the agent could launder CUI DOWN by filing a withheld value into an entity cleared only for a lower level. Both events are recorded to the egress_decisions trail (decidedBy handle_mint / handle_resolve / handle_taint_block, counts + content-hash, never CUI). Default-deny minting (HANDLEABLE_FIELDS allowlist only); EXPOSABLE_FIELDS read-allowlist unchanged; gated by EGRESS_HANDLES_ENABLED (off = fields dropped + no resolution + no taint check, as before). Threat-model covered by handles.test.ts + augment.test.ts + handles-loop.redteam.test.ts (cross-conversation isolation, no-echo-back, exact-match, default-deny, flag-off parity) + write-path-taint.redteam.test.ts (down-classification BLOCK with executor-not-called, at-or-above ALLOW, no-handle unaffected, no-projectId=org-ceiling, flag-off parity). GOV EXPOSABILITY-MAP SIGN-OFF GATE (cutover finisher, scripts/cutover/lib/exposability.ts + orchestrate.mjs): the field-level default-deny exposability map (what the CUI-blind model may SEE per tool result — projection.ts EXPOSABLE_FIELDS/HANDLEABLE_FIELDS/TOOL_ENTITY merged with the connector registry) is a script-authored AC-4 flow-control authorization. Before a GOV tenant's cutover flip is allowed, that EXACT map is captured as a canonical, hash-stable snapshot (exposability-snapshot.mjs — JSON + reviewer markdown + sha256, assembled from the LIVE merged maps the gate enforces, never a re-hardcoded copy) and a named reviewer signs off on it (compliance/exposability/signoff/<orgSlug>.json = {orgSlug, mapHash, reviewer, signedAt, leakTestPassed}). The orchestrator's requireExposabilitySignoff enforces, fail-closed, that a GOV flip proceeds ONLY with a sign-off whose mapHash equals the CURRENT map hash AND leakTestPassed===true — a missing file, a stale hash (the map changed since sign-off), or a failed leak test BLOCKS the flip before any freeze; commercial flips need no sign-off (unaffected). So an authorization for CUI flow to the commercial model is a human-reviewed, hash-bound, leak-tested approval that can never silently diverge from the running gate. RUNTIME-CONFIG GOV DESIGNATION (design §8): the per-org tenantClass that selects gov default-deny vs commercial flow is a PLATFORM-OWNER authority (isInternalAdmin), separated from the tenant-admin connector-enablement authority; a flip to GOV atomically applies the gov guardrails (breadth/MCP off, commercial-only connectors stripped) and the tenant-admin runtime-config PATCH cannot lift them (server-side 400) — so the information-flow class itself cannot be widened by a tenant. See src/lib/runtime-config/guardrails.ts + the tenant-class/runtime-config routes."
3.1.4,AC,Separate the duties of individuals to reduce the risk of malevolent activity without collusion,app-control,partial,-,OrgMember permission bits separate read/write/admin roles; platform-owner vs tenant-admin separation designed; full duty-separation matrix and SoD policy doc not yet authored
3.1.5,AC,Employ the principle of least privilege including for specific security functions and privileged accounts,app-control,implemented,prisma/migrations/20260606050000_audit_immutability/migration.sql,cosmos_app DB role has INSERT/SELECT/UPDATE/DELETE on app tables; REVOKE UPDATE/DELETE/TRUNCATE on audit_logs and egress_decisions; root DB role reserved for migrations only
3.1.6,AC,Use non-privileged accounts or roles when accessing non-security functions,app-control,implemented,src/lib/ai/executors/_ctx.ts,App runs as cosmos_app (non-superuser); tools execute as authenticated org member; no privilege escalation path in executor chain
3.1.7,AC,Prevent non-privileged users from executing privileged functions and capture the execution of such functions in audit logs,app-control,implemented,src/lib/ai/executors/_ctx.ts,assertPermission() throws on insufficient bits; all tool executions logged to audit_logs; egress chokepoint logs EgressDecision for every model-bound value
3.1.8,AC,Limit unsuccessful logon attempts,app-control,partial,-,Session invalidation on auth failure exists; no explicit configurable lockout counter or account lockout policy implemented yet; planned for SSO/SAML phase
3.1.9,AC,Provide privacy and security notices consistent with CUI rules,policy,policy-required-not-yet-authored,-,System banner / privacy notice text is a policy artifact; SSP narrative references the requirement; UI banner hook exists but content not yet authored
3.1.10,AC,Use session lock with pattern-hiding displays after a period of inactivity,app-control,partial,-,Session expires via expires_at column; client-side idle lock not yet implemented; planned
3.1.11,AC,Terminate (automatically) a user session after a defined condition,app-control,implemented,src/lib/auth/session.ts,Sessions store expires_at; middleware rejects expired sessions; gov tenants can configure shorter session duration via security settings API
3.1.12,AC,Monitor and control remote access sessions,app-control,partial,-,Audit log captures remote actions; dedicated remote-access session monitoring dashboard not yet built; planned for observability phase
3.1.13,AC,Employ cryptographic mechanisms to protect the confidentiality of remote access sessions,app-control,implemented,compose/Caddyfile,TLS terminated by Caddy reverse proxy; all HTTP traffic to cosmos service is internal-network only; X-Forwarded-Proto enforced
3.1.14,AC,Route remote access via managed access control points,app-control,implemented,compose/Caddyfile,Single ingress via Caddy reverse proxy; direct port exposure disabled in compose; cosmos service not on public network
3.1.15,AC,Authorize remote execution of privileged commands and access to security-relevant information via remote access only for documented operational needs,policy,policy-required-not-yet-authored,-,Requires written operational procedures documenting approved remote-admin scenarios; policy not yet authored
3.1.16,AC,Authorize wireless access prior to allowing such connections,policy,policy-required-not-yet-authored,-,Infrastructure/facility wireless policy; out of software scope; policy required by deploying organization
3.1.17,AC,Protect wireless access using authentication and encryption,policy,policy-required-not-yet-authored,-,Infrastructure/facility wireless policy; out of software scope; policy required by deploying organization
3.1.18,AC,Control connection of mobile devices,policy,policy-required-not-yet-authored,-,MDM/mobile device policy; out of software scope; policy required by deploying organization
3.1.19,AC,Encrypt CUI on mobile devices and mobile computing platforms,policy,policy-required-not-yet-authored,-,Device encryption policy for endpoints; out of software scope; policy required by deploying organization
3.1.20,AC,Verify and control/limit connections to external systems,app-control,implemented,src/lib/integrations/nango.ts,"SSRF guard on outbound webhook URLs (src/lib/security/webhook-url.ts); external connections to commercial SaaS are brokered through a single CONTROLLED broker — self-hosted Nango (OSS unified-API/OAuth engine) running IN-BOUNDARY on the compose network (the `nango` profile: cosmos-nango-server + dedicated postgres + redis, all digest-pinned; the app reaches it ONLY at the internal NANGO_HOST, never the public internet directly). Nango holds the per-provider OAuth/API-key credentials org-scoped; the app proxies data through it and NEVER handles the provider token (CA-3 system-interconnection / SA-9 external-service controlled via a broker). NANGO_SECRET_KEY is a platform secret injected via env/Docker-secret, never logged, never returned to client/model. D5 COMMERCIAL-ONLY gov-block (load-bearing): a gov tenant can NEVER reach Nango by ANY path — defense in depth at 4 layers: (L1) the connector registry's tenant-filtered tool list excludes the commercial-only Nango descriptor for tenantClass=gov so the CUI-blind model never SEES a nango_* tool (src/lib/ai/connectors/registry.ts connectorToolDefs(tenantClass) + agent-loop.ts); (L2) executeConnectorTool hard-REFUSES a commercial-only tool for a gov (or class-absent → fail-closed) ctx, audited as decidedBy connector_availability_block; (L3) the Nango executor hard-checks tenantClass!==commercial at the TOP before any broker call (src/lib/ai/executors/nango.ts); (L4) the connect-session route returns 403 for any non-COMMERCIAL org, audited, before any Nango call (src/app/api/v1/orgs/[orgId]/integrations/nango/connect/route.ts). Org default tenantClass is GOV (fail-closed). Nango tool results have NO egress entity mapping ⇒ full-withhold on the gov/withheld path (moot — blocked); commercial flows below FOUO with the marking-DLP tripwire still applied. Proven by src/lib/ai/connectors/gov-block.test.ts (L1/L2 + egress full-withhold), src/lib/ai/executors/nango.test.ts (L3), the connect route test (L4), and the invariant lock (a gov tenant's connector tool list is byte-identical to pre-Nango)."
3.1.21,AC,Limit use of portable storage devices on external systems,policy,policy-required-not-yet-authored,-,Physical/endpoint policy; out of software scope; policy required by deploying organization
3.1.22,AC,Control CUI posted or processed on publicly accessible systems,app-control,implemented,src/lib/ai/egress/gate.ts,Egress chokepoint withholds CUI/FOUO from model (external system); public-facing API routes require authentication; no anonymous CUI access paths
3.2.1,AT,Ensure that managers; supervisors; and security personnel are aware of the security risks associated with their activities and of the applicable policies; standards; and procedures related to the security of organizational systems,policy,policy-required-not-yet-authored,-,Security awareness training program; policy and training content required by deploying organization
3.2.2,AT,Ensure that organizational personnel are trained to carry out their assigned information security responsibilities,policy,policy-required-not-yet-authored,-,Role-based security training program; policy and training content required by deploying organization
3.2.3,AT,Provide security awareness training on recognizing and reporting potential threats,policy,policy-required-not-yet-authored,-,Threat recognition training (phishing/social engineering); policy and training content required by deploying organization
3.3.1,AU,Create and retain system audit logs and records to the extent needed to enable the monitoring; analysis; investigation; and reporting of unlawful or unauthorized system activity,app-control,implemented,src/lib/audit.ts,append-only audit_logs table (trigger-enforced); append-only egress_decisions; gov 3yr retention floor enforced via GOV_AUDIT_RETENTION_FLOOR_DAYS=1095 in security settings API. AU-11 sanctioned RETENTION-PURGE now SHIPPED (migration 20260606130000_audit_retention_checkpoint + scripts/dsop/purge-audit.mjs): the ONLY legitimate audit-delete path. Owner-only (refuses cosmos_app which can neither DELETE nor SET session_replication_role); records a signed chain-checkpoint at the purge boundary then DELETEs rows<=N in ONE owner txn (SET LOCAL session_replication_role=replica - the only trigger-bypass, for that txn only). Hard guards: refuses below the 1095-day gov floor unless an explicit TEST-only AUDIT_PURGE_ALLOW_BELOW_FLOOR_DAYS override; refuses if N>latest WORM-attested toSeq (WORM-export-FIRST ordering so purged rows are anchored offsite first); idempotent. verify_audit_chain re-anchors at the checkpoint (first retained row prev_hash==checkpoint_row_hash) so the chain stays verifiable across the purge boundary - cosmos_app STILL cannot delete audit rows (REVOKE+trigger unchanged). Empirically proven on PG16. See docs/runbooks/audit-integrity.md sec 4
3.3.2,AU,Ensure that the actions of individual users can be traced to those users so they can be held accountable for their actions,app-control,implemented,src/lib/audit.ts,audit_logs records userId; orgId; action; entity; entityId; ipAddress; all tool calls logged via tool-executor.ts with acting userId; FK-decoupled (org delete no longer cascades to logs)
3.3.3,AU,Review and process audit logs in a timely manner to detect inappropriate or unusual activity,app-control,partial,docs/runbooks/observability.md,"Audit log data is stored and queryable. OBSERVABILITY SHIPPED: a Prometheus+Grafana+Jaeger in-boundary stack now provides near-real-time review of the egress chokepoint + classifier signals with critical alerts on chokepoint/classifier failure; formal full-log review cadence + SIEM correlation of audit_logs records remain a documented integration point"
3.3.4,AU,Alert in the event of an audit logging process failure,app-control,partial,docs/runbooks/observability.md,"DB-level trigger failures surface as errors. OBSERVABILITY SHIPPED: the egress decision persist is fire-and-forget and the chokepoint emits cosmos_egress_errors_total on any chokepoint exception (EgressChokepointErroring alert, critical). A dedicated alert on an audit_logs WRITE failure specifically (vs the egress decision path) is the remaining gap — wire an audit-write failure counter to the same Prometheus alerting sink"
3.3.5,AU,Correlate audit record review; analysis; and reporting processes for investigation and response to indications of unlawful; unauthorized; suspicious; or unusual activity,app-control,partial,-,"Logs are append-only and queryable; metrics+traces are correlated in Grafana/Jaeger (trace exemplars link a metric spike to its trace). Cross-event correlation across audit_logs + telemetry (SIEM / log aggregation, e.g. Loki) is not yet deployed — the documented observability follow-on"
3.3.6,AU,Provide audit record reduction and report generation to support on-demand analysis and after-the-fact investigation,app-control,partial,-,Audit log table supports query by orgId/userId/action/time; formal report-generation tooling not yet built; planned
3.3.7,AU,Provide a system capability that compares and synchronizes internal system clocks with an authoritative source to generate time stamps for audit records,app-control,implemented,prisma/migrations/20260606050000_audit_immutability/migration.sql,PostgreSQL CURRENT_TIMESTAMP used for audit timestamps; server time synced via NTP in container image; createdAt IDENTITY seq provides monotonic ordering
3.3.8,AU,Protect audit information and audit tools from unauthorized access; modification; and deletion,app-control,implemented,scripts/audit-worm-export.mjs,DB trigger blocks UPDATE/DELETE on audit_logs and egress_decisions; REVOKE UPDATE/DELETE/TRUNCATE from cosmos_app role; only postgres superuser retains schema-modification rights. Tamper-EVIDENCE added: audit-worm-export.mjs ships audit_logs+egress_decisions (each as an independent per-table export stream/watermark) to the object-locked cosmos-audit-worm bucket (MinIO COMPLIANCE object-lock + append-only key: write + read for verification; NO delete/overwrite/retention-bypass) with a per-table signed sha256 manifest — an offsite immutable anchor that detects post-hoc DB tampering by diff. Exporter connects read-only as cosmos_app (SELECT). In-DB per-row hash-chain now SHIPPED (migration 20260606070000_audit_hash_chain): every audit_logs+egress_decisions row carries a sha256 row_hash binding the prior row's hash + this row's length-framed columns (pgcrypto digest; metadata framed as text never jsonb_each; all-bytes-safe length-prefixed bytea so no NUL separator); a BEFORE INSERT trigger fills it under a per-table advisory lock (no forks - empirically proven on PG16 with 200 concurrent inserts: 0 forks 1 genesis 1 tail all reachable). verify_audit_chain(regclass) + scripts/dsop/verify-audit-chain.mjs (cosmos_app SELECT-only ops one-shot exits non-zero on a break) detect content edits forged/inserted rows mid-chain deletions and missing/duplicate genesis - in-DB tamper-EVIDENCE complementing the offsite WORM anchor (defense in depth). AU-11 RETENTION-PURGE checkpoint now SHIPPED (migration 20260606130000): verify_audit_chain is checkpoint-aware (anchors at genesis OR at the latest signed checkpoint's row_hash once the genesis was purged) and the audit_chain_checkpoint table is append-only for the app (cosmos_app SELECT-only; INSERT/UPDATE/DELETE/TRUNCATE REVOKEd). The checkpoint HMAC sig is verified in scripts/dsop/verify-audit-chain.mjs (the SQL fn anchors structurally; the JS wrapper recomputes HMAC(table||seq||hex(rowHash)) constant-time and exits 2 on a forged/unverifiable checkpoint) - so a forged checkpoint that re-anchors a tampered chain is still caught. See docs/runbooks/audit-integrity.md sec 4 (the retention-purge checkpoint procedure)
3.3.9,AU,Limit management of audit logging to a subset of privileged users,app-control,implemented,prisma/migrations/20260606050000_audit_immutability/migration.sql,Audit retention settings gated behind platform-owner role; cosmos_app cannot modify audit table schema; retention config requires SECURITY_SETTINGS_MANAGE permission bit
3.4.1,CM,Establish and maintain baseline configurations and inventories of organizational systems,gate,implemented,evidence/local/sbom.spdx.json,Syft SBOM (SPDX-JSON) enumerates all packages in the container image; published to GHCR as attestation; security.yml gate generates per-build SBOM
3.4.2,CM,Establish and maintain secure configuration settings for information technology products employed in organizational systems,gate,implemented,evidence/local/hadolint.json,hadolint scans Dockerfile for configuration weaknesses; Checkov scans compose manifests; non-root container user enforced; E2E_TEST_AUTH asserted absent in prod build
3.4.3,CM,Track; review; approve; and log changes to organizational systems,app-control,partial,-,Git history + CI gates track code changes; formal change-management board process and approval workflow not yet documented; planned as policy artifact
3.4.4,CM,Analyze the security impact of changes prior to implementation,gate,partial,-,CodeQL SAST + Trivy SCA gate on every PR provides automated security analysis; manual security-impact review process not yet formalized; partial credit
3.4.5,CM,Define; document; approve; and enforce physical and logical access restrictions associated with changes to organizational systems,policy,policy-required-not-yet-authored,-,Change-management access policy; branch protection and required-reviewer settings are controls but formal policy not yet authored
3.4.6,CM,Employ the principle of least functionality by configuring organizational systems to provide only essential capabilities,app-control,implemented,Dockerfile,Multi-stage Dockerfile strips build tools from runtime image; non-root user; minimal OS packages; E2E test route compile-excluded from production image
3.4.7,CM,Restrict; disable; or prevent the use of nonessential programs; functions; ports; protocols; and services,app-control,implemented,Dockerfile,Only port 3000 (cosmos) exposed internally; external ports only via Caddy reverse proxy; no SSH daemon in container; --mcp-config absent from gov image by code invariant
3.4.8,CM,Apply deny-by-default and allow-by-exception policy to prevent the use of unauthorized software,app-control,partial,src/lib/runtime-config/guardrails.ts,"Gov tenants have default-deny classification policy; Nango/external-MCP code-blocked for gov. RUNTIME-CONFIG ALLOW-BY-EXCEPTION (design §8): the OrgRuntimeConfig store gates the agent's connector set per-org (enabledConnectors allowlist; a disabled connector's tools are absent from the tool list AND refused at dispatch, audited connector_disabled_block). The gov designation is platform-owner-only (isInternalAdmin); flipping to GOV atomically applies applyGovGuardrails (breadthEnabled=false, mcpEnabled=false, commercial-only connectors stripped) and the tenant-admin runtime-config PATCH is rejected server-side (400) if it tries to re-enable breadth/MCP or a commercial-only connector — a tenant-admin can never lift the guardrails. Proven by guardrails.test.ts + the tenant-class/runtime-config route tests + runtime-config-gating.test.ts. Formal org-wide application allowlist/whitelisting process still not documented (partial)."
3.4.9,CM,Control and monitor user-installed software,policy,policy-required-not-yet-authored,-,End-user software installation policy; out of software scope for the SaaS application itself; policy required by deploying organization
3.5.1,IA,Identify system users; processes acting on behalf of users; and devices,app-control,implemented,src/lib/auth/session.ts,Users authenticated via session token; userId tracked on all audit records; orgId scopes every data query; device/process identity tracked via ipAddress on audit entries
3.5.2,IA,Authenticate (or verify) the identities of those users; processes; or devices as a prerequisite to allowing access to organizational systems,app-control,implemented,src/lib/auth/session.ts,Session middleware rejects unauthenticated requests; all API routes require valid session; session cookie signed and expires_at enforced
3.5.3,IA,Use multifactor authentication for local and network access to privileged accounts and for network access to non-privileged accounts,app-control,partial,-,In-app OIDC RP (openid-client; PKCE/state/nonce/sig-validated) implemented in src/lib/auth/sso.ts + src/app/api/auth/sso/[orgSlug]/; per-tenant IdpConnection with optional requiredAcr AAL floor — GOV logins rejected when IdP-asserted acr/amr unmet (MFA asserted by Entra/Okta/Ping); enforced-SSO blocks Google bypass (sso-enforcement.ts). SAML/PIV-CAC (Keycloak appliance) + in-app WebAuthn step-up still planned
3.5.4,IA,Employ replay-resistant authentication mechanisms,app-control,partial,-,OIDC RP enforces PKCE + per-request state + nonce + ID-token signature/aud/iss validation (replay-resistant authorization-code exchange) via openid-client; session tokens single-use at creation; CSRF via SameSite cookie. Replay-resistant MFA factor (FIDO2/WebAuthn) still planned for the in-app step-up phase
3.5.5,IA,Employ identifier management,app-control,implemented,src/lib/auth/session.ts,User and org UUIDs are system-generated; no reuse; session IDs are random UUIDs; ApiKey uses prefix+hash pattern (no raw secret storage)
3.5.6,IA,Disable identifiers after a defined inactivity period,app-control,partial,-,Sessions expire via expires_at; inactive user account lockout / identifier disable after configurable inactivity not yet implemented; planned
3.5.7,IA,Enforce a minimum password complexity and change requirements,app-control,partial,-,Password auth path defers to Google OAuth (password policy enforced by Google); local password creation not supported; SSO phase will enforce IdP-side policy
3.5.8,IA,Prohibit password reuse for a specified number of generations,app-control,partial,-,Defers to IdP (Google OAuth); local password management not in scope for v2; SSO phase enforces via IdP policy
3.5.9,IA,Allow temporary password use for system logons with an immediate change requirement,policy,policy-required-not-yet-authored,-,Temporary credential lifecycle policy; defers to IdP; policy required for completeness
3.5.10,IA,Store and transmit only cryptographically-protected passwords,app-control,implemented,src/lib/auth/session.ts,Passwords not stored by the application (OAuth only); ApiKey and ScimToken use bcrypt hash+prefix; session cookie is httpOnly/Secure/SameSite. Stored credential-class secrets — per-tenant OIDC client secrets AND external connector credentials (Google OAuth refresh tokens via connector_credentials.secret_enc; src/lib/integrations/credentials.ts) — are sealed at rest with the AES-256-GCM vault keyring (src/lib/crypto/vault.ts) under a rotatable active key — never stored in plaintext — and that key is itself rotatable (3.13.10). The legacy plaintext Google refresh-token column is drained to the sealed store on first use (self-heal) and then nulled. POST-CUTOVER CREDENTIAL HYGIENE (IA-5, cutover finisher scripts/cutover/revoke-google-tokens.mjs): the per-tenant cutover is COPY-not-move, so a migrated Google OAuth refresh token stays LIVE at the provider after the flip (v1 keeps it as a rollback target during soak). Once the flip is permanent, the script revokes each user's sealed refresh token at Google (POST oauth2.googleapis.com/revoke) — dry-run by default, --confirm to execute, org+provider+per-user scoped, idempotent (an already-revoked token's 400 invalid_token is treated as done), and the token is opened in-boundary for the one call and NEVER logged (the per-token report keys on user_id only) — so a copied credential cannot be used from the decommissioned v1. A rollback PAST the revoke requires user re-consent (documented in docs/runbooks/cutover.md §7)"
3.5.11,IA,Obscure feedback of authentication information during the authentication process,app-control,implemented,src/app/api/auth/,OAuth flow does not echo credentials; no password input field in the application UI; session token not included in API response bodies
3.6.1,IR,Establish an operational incident-handling capability for organizational systems,policy,policy-required-not-yet-authored,-,Incident response plan; IR procedures; contact lists; escalation paths — policy artifacts required by deploying organization
3.6.2,IR,Track; document; and report incidents to designated officials,policy,policy-required-not-yet-authored,-,Incident tracking and reporting procedures; policy artifacts required by deploying organization
3.6.3,IR,Test the organizational incident response capability,policy,policy-required-not-yet-authored,-,IR tabletop exercises and testing cadence; policy artifacts required by deploying organization
3.7.1,MA,Perform maintenance on organizational systems,policy,policy-required-not-yet-authored,-,System maintenance procedures including scheduling and authorization; policy artifacts required by deploying organization
3.7.2,MA,Provide controls on the tools; techniques; mechanisms; and personnel for the performance of system maintenance,policy,policy-required-not-yet-authored,-,Maintenance personnel authorization and tool control policy; policy artifacts required by deploying organization
3.7.3,MA,Ensure equipment removed for off-site maintenance is sanitized,policy,policy-required-not-yet-authored,-,Physical equipment handling policy; not applicable to cloud-deployed software; policy required by deploying organization
3.7.4,MA,Check media containing diagnostic and test programs for malicious code before the media are used in organizational systems,policy,policy-required-not-yet-authored,-,Media sanitization before use policy; policy required by deploying organization
3.7.5,MA,Require MFA for remote maintenance sessions,app-control,partial,-,Admin/maintenance access flows through the same auth path; OIDC RP + GOV AAL floor (requiredAcr) can require IdP-asserted MFA for privileged members (3.5.3 partial); container has no SSH daemon. Full phishing-resistant MFA for all remote-maintenance roles still planned (in-app WebAuthn step-on); remaining 3.5.3 dependency
3.7.6,MA,Supervise the maintenance activities of maintenance personnel without required access authorization,policy,policy-required-not-yet-authored,-,Supervised maintenance procedures; policy required by deploying organization
3.8.1,MP,Protect (i.e.; physically control and securely store) system media containing CUI,policy,policy-required-not-yet-authored,-,Physical media handling policy; cloud storage (MinIO/GovCloud) encrypted at rest; policy for physical media required by deploying organization
3.8.2,MP,Limit access to CUI on system media to authorized users,app-control,implemented,src/lib/abac/require-access.ts,Object storage access requires authenticated session + RBAC check; no direct unauthenticated storage access; ABAC requireAccess gates all data reads
3.8.3,MP,Sanitize or destroy system media before disposal or reuse,policy,policy-required-not-yet-authored,-,Media sanitization/disposal policy; cloud provider (GovCloud/Assured Workloads) responsibility for physical media; policy required for deploying organization
3.8.4,MP,Mark media with necessary CUI markings and distribution limitations,app-control,implemented,src/lib/classification/markings.ts,DataClassification markings (FOUO/CUI/handling instructions) persisted per entity; PDF/CSV/JSON exports include classification banners; markings.ts detectMarkings enforces banner presence
3.8.5,MP,Control access to media containing CUI and maintain accountability for media during transport,inherited,inherited,-,Cloud provider (GCC-High / Assured Workloads) responsibility for physical media transport controls; inherited from platform (GCC-High physical media transport)
3.8.6,MP,Implement cryptographic mechanisms to protect the confidentiality of CUI during transit unless otherwise protected by alternative physical safeguards,app-control,implemented,compose/Caddyfile,TLS via Caddy for all external traffic; internal service-to-service communication on isolated Docker network; MinIO access via HTTPS
3.8.7,MP,Control the use of removable media on system components,policy,policy-required-not-yet-authored,-,Removable media policy; endpoint/infrastructure policy required by deploying organization
3.8.8,MP,Prohibit the use of portable storage devices when such devices have no identifiable owner,policy,policy-required-not-yet-authored,-,Portable storage ownership policy; endpoint/infrastructure policy required by deploying organization
3.8.9,MP,Protect the confidentiality of backup CUI at storage locations,app-control,implemented,docs/runbooks/backup-dr.md,pgBackRest WAL archiving + base backups to the in-boundary MinIO S3 repo (cosmos-pgbackrest); repo encrypted at rest with AES-256-CBC (repo1-cipher-type) independent of MinIO SSE; tested restore via scripts/dsop/restore-drill.sh (CP-10 — restores to a scratch cluster + verification query asserting audit_logs present); RPO ≤ 5 min (WAL) / RTO ≤ 1 hr documented. Backup repo is in-boundary (GovCloud/Assured-Workloads S3 in prod); single-site today with offsite replication a documented follow-on. Migration-integrity TOOLING (not a control per se) for the v1->v2 per-tenant cutover ships in scripts/cutover/: export-org/import-org (idempotent UPSERT replay; FK-safe owner load; DataClassification dedupe-with-audit; markings carried verbatim) + verify-org (per-model exact counts + PER-ROW money equality + the CUI/FOUO marking invariant + a sampled content checksum; exits non-zero on any mismatch = the hard pre-flip gate) + a source-side write-freeze (frozen_orgs -> proxy 405 on writes). Adjacent to CP-10: it proves a tenant's data (incl. money + CUI markings) is preserved + verifiable across a migration; rollback = re-route + restore the pre-flip snapshot. BUILD-ONLY today (docs/runbooks/cutover.md carries the never-run-vs-prod-without-sign-off banner). Cutover schema-parity + provenance HARD gate now SHIPPED (scripts/cutover/parity-gate.mjs — migration-integrity TOOLING not a control per se; the §9.2 prerequisite that must be green before ANY tenant cutover): it restores a `pg_dump --schema-only` prod snapshot into a throwaway scratch DB (pgcrypto+pgvector ensured) and asserts (1) `prisma migrate diff` between the restored snapshot and v2's REAL schema (prisma/migrations replayed into a throwaway shadow DB via --to-migrations -- NOT the lossy schema.prisma datamodel which omits raw-SQL-only objects: the audit seq IDENTITY/content_tsv GENERATED column/pgvector HNSW indexes/hash-chain trigger objects) is EMPTY = structural parity (a non-empty diff is captured + FAILS) and (2) the FK data_classifications.project_id -> projects.id EXISTS in the snapshot via a dedicated pg_constraint probe = proof the baseline came from the classification-propagation line not an older branch (v2 declares this FK in migration 20260606140000_data_classification_project_fk). It then records provenance to compliance/provenance/prod-baseline.json — prod git commit + a stable sha256 over prod's ordered (_prisma_migrations migration_name+checksum) history + the gate verdict — so the cutover source-of-truth is auditable. Fail-closed: exits non-zero on any error / non-empty diff / missing FK. SYNTHETIC-tested in Docker (two scratch PG: a matching v2-migrated dump PASSes + writes provenance; a dump with the classification FK dropped FAILs part 2; a dump with a table/column dropped FAILs part 1). Run against real prod is a future coordinated step. Near-zero-downtime cutover now SHIPPED (migration-integrity TOOLING not a control per se): scripts/cutover/soak-sync.mjs is an incremental watermark delta replay (per-table watermark = updated_at else created_at else full-scan; advances to the max observed value -> no clock-skew window; reuses the export/import cores; deletes are invisible to a delta BY DESIGN) that keeps v2 caught up while v1 is live so the freeze window is tiny; scripts/cutover/reconcile-org.mjs is the under-freeze FINAL reconcile (final idempotent import + DELETE-EXTRAS by org-scoped PK-set diff for mutable org-owned non-audit tables ONLY -- NEVER append-only/audit (refused by name -- AU-9 immutability) NEVER the referential-closure parents (shared users/globals are not org-owned) NEVER another org's rows -- children-before-parents reverse-FK-topological in one owner txn under session_replication_role=replica + an in-txn orphan probe that ROLLS BACK the whole reconcile on any dangling FK; a delete count over --large-threshold fails closed) then the verify gate. This makes v2 EXACTLY match the frozen source incl. deletes before the flip. SYNTHETIC-tested in Docker (scripts/cutover/acceptance/run-soak-reconcile-acceptance.sh; npm run cutover:soak-acceptance -- 21/21: delta propagates insert/update but NOT delete; reconcile applies the deletes -> exact counts + verify CLEAN; closure parents + a two-org user + the other org untouched; orphan probe clean; an orphaning delete caught -> all-or-nothing rollback). BUILD-ONLY (cutover.md banner). Cutover FLIP ORCHESTRATION now SHIPPED (migration-integrity TOOLING not a control per se): a dedicated CUTOVER REVERSE PROXY (compose/cutover-proxy/ — a separate Caddy from the app proxy) routes by orgSlug path prefix (/<slug>/... the dashboard route shape) to v1 (source default) or v2 (target after flip) and enforces a per-org WRITE-FREEZE at the edge (405 on POST/PUT/PATCH/DELETE for a frozen org with an Allow:GET,HEAD,OPTIONS header + a JSON org_frozen body; reads pass) -- the freeze MUST be at the proxy because the v1 source stack lacks v2's in-app freeze middleware. scripts/cutover/lib/proxy-control.ts is the Caddy admin-API client: a desired-state model {slug:{upstream,frozen}} derives the full route list and rewrites it via POST /load (atomic zero-downtime auto-rollback) -- idempotent freezeOrg/unfreezeOrg/setOrgUpstream/getOrgState (no PATCH-by-index surgery). scripts/cutover/orchestrate.mjs sequences the whole per-tenant procedure -- parity precheck -> soak loop -> freeze -> reconcile -> verify GATE -> flip -> unfreeze -- reusing the v2.16/v2.17 tools UNCHANGED. SAFE-BY-DEFAULT: --dry-run is the DEFAULT (prints the plan touches nothing); --confirm required to execute; ROLLBACK on any failure at/after freeze (setOrgUpstream v1 + unfreeze so the org is never left frozen/half-flipped + print the snapshot-restore data-rollback step + exit non-zero; v1 columns kept intact per §9.3-5 so v1 is the live rollback). SYNTHETIC-tested in Docker (scripts/cutover/acceptance/run-cutover-acceptance.sh; npm run cutover:acceptance-orchestrate: pre-flip GET->v1; freeze POST->405 while GET 200s; reconcile+verify pass; flip GET->v2; unfreeze POST->v2; another org stays on v1 throughout; a forced verify failure ROLLS BACK to v1 + unfreezes + non-zero + snapshot instruction; --dry-run default touches nothing). proxy-control config-patch builders unit-tested (scripts/cutover/lib/proxy-control.test.ts). BUILD-ONLY (cutover.md §A --confirm-required banner). PRE-FLIP RESTORE-POINT CAPTURE + VALIDATED PITR RESTORE now SHIPPED (the cutover data rollback is a tested precise target not a printed instruction): scripts/cutover/snapshot-capture.mjs runs on the TARGET right before the flip -- SELECT pg_create_restore_point('<label>') stamps a NAMED PITR target into the WAL + returns its LSN; captures server now() + timeline; with --pgbackrest-exec triggers an INCR pgBackRest backup so WAL up to the point is archived + records the backup label; persists {label,lsn,restorePointTime,stanza,timeline,capturedAt,backupLabel?} into the cutover --state (the only write is a WAL restore-point record -- no tenant table mutated). scripts/dsop/restore-to-point-drill.sh --target-name|--target-time restores that EXACT point into a SCRATCH cluster (live cluster NEVER touched) asserts it promoted at/after the target (unreachable target stays in recovery -> FAIL) + runs the verification query (row counts; audit_logs present) -> RESTORE-TO-POINT: PASS = pre-flip 'rollback would work' evidence (post-capture rows ABSENT in the scratch restore). orchestrate.mjs wires capture (Step 5b) + optional validate (--validate-snapshot Step 5c) AFTER verify-gate + BEFORE flip; on any failure at/after freeze it re-routes to v1 + unfreezes (the EXECUTED NON-DESTRUCTIVE rollback) + EMITS the EXACT pgbackrest --type=name --target=<label> --target-action=promote --delta restore command (+ a --type=time fallback) for the captured point -- DESTRUCTIVE so the orchestrator NEVER auto-runs it (operator-gated); the pure builder scripts/cutover/lib/snapshot.ts REFUSES to emit a targetless restore (would replay to end-of-WAL not to the point) -- unit-tested. SYNTHETIC-tested in Docker (stanza-create + base backup; capture creates the restore point + records state; post-capture rows inserted; restore-to-point drill into scratch EXCLUDES them + verify passes; orchestrator dry-run shows the capture step + the precise restore command in its rollback plan). BUILD-ONLY; the live cluster is never restored by automation
3.9.1,PS,Screen individuals prior to authorizing access to organizational systems containing CUI,policy,policy-required-not-yet-authored,-,Personnel screening / background check policy; HR/legal process required by deploying organization
3.9.2,PS,Ensure that CUI is protected during and after personnel actions such as terminations and transfers,policy,policy-required-not-yet-authored,-,Separation/transfer procedures including account revocation; policy required by deploying organization
3.10.1,PE,Limit physical access to organizational systems to authorized individuals,policy,policy-required-not-yet-authored,-,Physical access control to data center/hosting facility; inherited from cloud provider (GCC-High / Assured Workloads) for hosted deployment; policy required for on-prem deployments
3.10.2,PE,Protect and monitor the physical facility and support infrastructure for organizational systems,policy,policy-required-not-yet-authored,-,Physical facility monitoring; cloud provider responsibility for hosted deployment; policy required for deploying organization
3.10.3,PE,Escort visitors and monitor visitor activity,policy,policy-required-not-yet-authored,-,Physical visitor control policy; facility policy required by deploying organization
3.10.4,PE,Maintain audit logs of physical access,policy,policy-required-not-yet-authored,-,Physical access log (badge readers/CCTV); cloud provider responsibility for hosted; policy required for deploying organization
3.10.5,PE,Control and manage physical access devices,policy,policy-required-not-yet-authored,-,Key/badge management policy; cloud provider responsibility for hosted; policy required for deploying organization
3.10.6,PE,Enforce safeguarding measures for CUI at alternate work sites,policy,policy-required-not-yet-authored,-,Telework/remote-work CUI handling policy; required by deploying organization
3.11.1,RA,Periodically assess the risk to organizational operations; assets; and individuals,policy,policy-required-not-yet-authored,-,Risk assessment process and schedule; requires human-authored policy and a documented risk register; out of code scope
3.11.2,RA,Scan for vulnerabilities in organizational systems and applications periodically and when new vulnerabilities affecting those systems are identified,gate,implemented,evidence/local/trivy-fs.json,Trivy SCA (fs scan) + OSV-Scanner on every CI run; Trivy image scan on GHCR digest; CodeQL SAST; Dependabot weekly; all gate outputs written to evidence/<sha>/
3.11.3,RA,Remediate vulnerabilities in accordance with risk assessments,app-control,partial,-,Critical CVEs are HARD-fail in security.yml (blocks promotion); High CVEs generate POA&M artifacts; formal remediation SLA policy not yet authored
3.12.1,CA,Periodically assess the security controls in organizational systems to determine if the controls are effective,policy,policy-required-not-yet-authored,-,Formal security assessment process; C3PAO assessment requires this plus written policies; scheduled control-effectiveness reviews are policy artifacts
3.12.2,CA,Develop and implement plans of action designed to correct deficiencies and reduce or eliminate vulnerabilities in organizational systems,app-control,partial,-,security.yml High-CVE POA&M artifacts generated automatically; formal POA&M lifecycle management (tracking/closure/acceptance) not yet implemented; 5 open Critical image CVEs noted in POA&M
3.12.3,CA,Monitor security controls on an ongoing basis to ensure the continued effectiveness of the controls,gate,partial,-,"check:control-coverage CI gate monitors SSP completeness continuously; SAST/SCA gates run on every build; full CONMON (continuous monitoring) program not yet formalized. The egress exposability control (AC-4, 3.1.3) is continuously monitorable via its canonical hash-stable snapshot (scripts/cutover/exposability-snapshot.mjs ⇒ a sha256 over the LIVE merged map): any drift in the field-level default-deny map changes the hash, which INVALIDATES (makes stale) every gov tenant's prior exposability sign-off — so the control's effectiveness review is re-triggered on any change to what the model may see. The sign-off's leakTestPassed is bound to the golden-egress + projection-contract leak suites (no CUI/free-text field is ever exposed), which run on every build — tying the gov go-live authorization to a green leak test."
3.12.4,CA,Develop; document; and periodically update system security plans,app-control,implemented,compliance/ssp/control-coverage.csv,control-coverage.csv is the machine-readable SSP matrix (this file); SSP.md is the narrative document (co-located); check:control-coverage CI gate enforces freshness on every build
3.13.1,SC,Monitor; control; and protect communications at the external boundaries and key internal boundaries of organizational systems,app-control,implemented,src/lib/security/webhook-url.ts,SSRF guard on all outbound URL references; Caddy reverse proxy enforces TLS at external boundary; internal services on isolated Docker network; gov tenants code-blocked from external MCP sidecars
3.13.2,SC,Employ architectural designs; software development techniques; and systems engineering principles that promote effective information security,app-control,implemented,src/lib/ai/egress/,CUI-blind egress chokepoint architecture; single-path enforcement via ESLint + arch test; fail-closed defaults; chokepoint as the foundational security design principle
3.13.3,SC,Separate user functionality from system management functionality,app-control,implemented,src/lib/abac/require-access.ts,Platform-owner vs tenant-admin vs regular user separation; INTERNAL_ADMINS gating; management APIs require elevated permission bits
3.13.4,SC,Prevent unauthorized and unintended information transfer via shared system resources,chokepoint,implemented,src/lib/ai/egress/gate.ts,Egress chokepoint withholds CUI from external model; multi-tenant org-scoped queries prevent cross-tenant data access; orgId prefix on all query keys prevents cross-tenant cache bleed
3.13.5,SC,Implement subnetworks for publicly accessible system components,app-control,implemented,docker-compose.yml,Internal Docker network isolates cosmos/postgres/classifier; only Caddy has external port binding; cosmos service not directly internet-accessible
3.13.6,SC,Deny network communications traffic by default and allow network communications traffic by exception,app-control,partial,-,Docker internal network restricts inter-service communication; explicit ingress-only via Caddy; full network-policy default-deny (Kubernetes NetworkPolicy) deferred to Helm/K8s phase
3.13.7,SC,Prevent remote devices from simultaneously tunneling to the organizational system,policy,policy-required-not-yet-authored,-,VPN/split-tunneling policy for remote users; infrastructure/endpoint policy required by deploying organization
3.13.8,SC,Implement cryptographic mechanisms to prevent unauthorized disclosure of CUI during transmission,app-control,implemented,compose/Caddyfile,TLS enforced at Caddy for all external communication; HTTPS-only; HSTS headers enforced; internal Docker network for service-to-service
3.13.9,SC,Terminate network connections after a defined period of inactivity,app-control,partial,-,Session expiry enforced server-side; TCP keepalive and idle connection termination at Caddy not yet explicitly configured; planned
3.13.10,SC,Establish and manage cryptographic keys when cryptography is employed,app-control,implemented,src/lib/crypto/vault.ts,Application secret vault is a rotatable KEYRING (multiple keys; one active kid) — src/lib/crypto/vault.ts seals OIDC client secrets AND connector credentials (connector_credentials.secret_enc) AES-256-GCM under the active kid (envelope v2.<kid>.<iv>.<tag>.<ct>; legacy v1 blobs still open) and rewrapSecret() migrates any secret to the active kid. scripts/dsop/rotate-vault-key.mjs re-wraps every sealed secret — both idp_connections.client_secret_enc and connector_credentials.secret_enc, in one pass — to the active kid as the least-privilege cosmos_app role; --check gates rotation-completeness (non-zero if any secret remains on a non-active kid). Full rotate-then-retire cycle VERIFIED against the dex SSO harness (SSO works before rotation, after re-wrap, and after the old key is dropped from the ring; an old-sealed value then fails to open — IA-5 evidence). Per-secret overlap+rollback procedures in docs/runbooks/secret-rotation.md cover the vault key, ANTHROPIC_API_KEY, pgBackRest repo cipher, MinIO keys, WORM HMAC key, and DB passwords. TLS certs managed by Caddy. A KMS/HSM key source behind the same keyring interface is a documented follow-on (env-injected keys today); FIPS-validated crypto is 3.13.11
3.13.11,SC,Employ FIPS-validated cryptography when used to protect the confidentiality of CUI,app-control,planned,-,Node.js FIPS-mode and FIPS-validated modules not yet validated/tested; planned for gov-hardening phase; currently using standard TLS/AES implementations
3.13.12,SC,Prohibit remote activation of collaborative computing devices and provide indication of use,policy,policy-required-not-yet-authored,-,Collaboration device policy (cameras/microphones); application does not control endpoints; policy required by deploying organization
3.13.13,SC,Control and monitor the use of mobile code,app-control,partial,-,CSP headers restrict script sources; client-side code is bundled and controlled; formal mobile-code policy and runtime monitoring not yet in place
3.13.14,SC,Control and monitor the use of VoIP technologies,policy,policy-required-not-yet-authored,-,VoIP/unified communications policy; out of software scope; policy required by deploying organization
3.13.15,SC,Protect the authenticity of communications sessions,app-control,implemented,src/lib/auth/session.ts,Session tokens are cryptographically random UUIDs; httpOnly/Secure/SameSite cookie attributes; CSRF protection via SameSite; session bound to user identity
3.13.16,SC,Protect CUI at rest,app-control,implemented,src/lib/integrations/credentials.ts,Application-level AES-256-GCM envelope encryption for credential-class secrets at rest via the rotatable vault keyring (src/lib/crypto/vault.ts): per-tenant OIDC client secrets (idp_connections.client_secret_enc) AND external connector credentials (connector_credentials.secret_enc — per-user Google OAuth refresh tokens AND org-level service credentials such as the GitHub fine-grained PAT) are sealed under the active kid; opened ONLY server-side at call time; never stored plaintext. The connector accessor (getCredential/setCredential for per-user; getOrgCredential/setOrgCredential for org-level userId-null rows) is the single sealed path. ALL AT-REST APPLICATION SECRETS ARE NOW SEALED — no plaintext secret columns remain: (1) integration install/config secrets — the integration install/update API (src/app/api/v1/orgs/[orgId]/integrations) splits a provider's secret configFields (secret:true) OUT of the plaintext Integration.config and seals them via setOrgCredential (the GitHub PAT is stored ONLY as connector_credentials.secret_enc with user_id IS NULL never in Integration.config; uninstall deletes it via deleteOrgCredential); (2) webhook signing secrets — webhooks.secret is sealed via src/lib/crypto/field-seal.ts (sealField on create; openField at dispatch is TRANSPARENT to the HMAC so the signature is byte-identical; a legacy plaintext secret self-heals to sealed on first dispatch); (3) MCP server env + auth headers — mcp_servers.env_enc / headers_enc hold sealField(JSON.stringify(map)) (the plaintext Json env/headers columns were dropped in migration 20260606115000; opened via getMcpEnv/getMcpHeaders for when MCP execution wakes); (4) the legacy plaintext users.google_refresh_token column was DRAINED (scripts/dsop/seal-google-tokens.mjs) into the sealed store and DROPPED (migration 20260606120000) — the sealed connector store is the SOLE source of truth and the read-path plaintext fallback was removed. scripts/dsop/rotate-vault-key.mjs SEALED_COLUMNS re-wraps every sealed column (idp_connections.client_secret_enc, connector_credentials.secret_enc, webhooks.secret, mcp_servers.env_enc, mcp_servers.headers_enc) to the active kid on a key rotation (--check gates completeness). PostgreSQL data files + MinIO objects sit on host/cloud volume encryption; MinIO server-side object encryption is a documented follow-on
3.14.1,SI,Identify; report; and correct information and system flaws in a timely manner,gate,implemented,evidence/local/trivy-fs.json,Trivy SCA + OSV-Scanner + Dependabot identify vulnerabilities; security.yml HARD-fails on Critical CVEs; High CVEs generate POA&M artifacts; flaw remediation tracked via Dependabot PRs
3.14.2,SI,Provide protection from malicious code at appropriate locations within organizational systems,gate,implemented,evidence/local/trivy-image.json,Trivy image scan (container + deps); OSV-Scanner (lockfile); gitleaks (secrets/malicious patterns); CodeQL SAST; all gate outputs in evidence/<sha>/
3.14.3,SI,Monitor system security alerts and advisories and take appropriate actions in response,gate,partial,-,GitHub Dependabot generates security advisories; Trivy SCA on every build; formal alert triage/response SLA and ISAC subscription not yet documented; planned
3.14.4,SI,Update malicious code protection mechanisms when new releases are available,gate,implemented,.github/dependabot.yml,Dependabot configured for npm + github-actions + docker ecosystems (weekly); automated PRs keep dependencies and action versions current; gate tools updated via Dependabot
3.14.5,SI,Perform periodic scans of organizational systems and real-time scans of files from external sources as files are downloaded; opened; or executed,gate,implemented,evidence/local/trivy-fs.json,Trivy SCA filesystem scan + OSV lockfile scan on every CI run; image scan on every release build; gitleaks on every PR
3.14.6,SI,Monitor organizational systems including inbound and outbound communications traffic to detect attacks and indicators of compromise,chokepoint,partial,docs/runbooks/observability.md,"Egress chokepoint logs all model-bound decisions (EgressDecision table); SSRF guard monitors outbound webhook/connector traffic. OBSERVABILITY SHIPPED: OpenTelemetry instrumentation of the CUI-blind chokepoint emits traces (egress.runModelTurn spans) + the metric contract (cosmos_egress_decisions_total by exposed/decided_by/tenant_class, cosmos_egress_errors_total) and classifier signals (cosmos_classifier_invocations/errors/latency) over OTLP to an in-boundary OTel Collector -> Prometheus (alerting) + Jaeger (traces) + Grafana (dashboard). Prometheus alerts EgressChokepointErroring + ClassifierDown (critical) + SidecarDown (warning) fire on chokepoint/classifier/sidecar failure. Instrumentation is observe-only (no gate behavior change; counts/enums/hashes/latency only — no CUI). Full network-level IDS/IPS + SIEM correlation remain a documented integration point (point OTEL_EXPORTER_OTLP_ENDPOINT at an enterprise SIEM)"
3.14.7,SI,Identify unauthorized use of organizational systems,app-control,partial,docs/runbooks/observability.md,"Audit log captures all user actions with timestamps and IP addresses. OBSERVABILITY SHIPPED: per-route HTTP server metrics + egress decision metrics are queryable in Prometheus and visualized in Grafana, and the chokepoint/classifier alerts surface anomalous fail-closed/error volume in real time. Behavioral anomaly detection / UEBA still not implemented; SIEM correlation of these signals is a documented integration point"
